<?xml version="1.0"?>
<package format="2">
  <name>vi_grab</name>
  <version>0.0.0</version>
  <description>The vi_grab package</description>

  <maintainer email="a@todo.todo">a</maintainer>
  <license>TODO</license>

  <buildtool_depend>catkin</buildtool_depend>
  <build_depend>message_generation</build_depend>
  <build_depend>rospy</build_depend>
  <build_depend>std_msgs</build_depend>
  <exec_depend>message_runtime</exec_depend>
  <exec_depend>rospy</exec_depend>
  <exec_depend>std_msgs</exec_depend>

  <export>
  </export>
</package>
